{"cameraMode":{"drawMode":0,"name":"Shaded","section":"Shading Mode"},"sceneLighting":false,"audioPlay":false,"sceneViewState":{"m_AlwaysRefresh":false,"showFog":true,"showSkybox":false,"showFlares":true,"showImageEffects":true,"showParticleSystems":true,"showVisualEffectGraphs":true,"m_FxEnabled":true},"in2DMode":false,"pivot":{"x":-0.07931995391845703,"y":0.1886974573135376,"z":0.9466817378997803},"rotation":{"x":-0.021674299612641336,"y":0.9667390584945679,"z":-0.08754384517669678,"w":-0.23934434354305268},"size":0.8660253882408142,"orthographic":false}